<?xml version="1.0" encoding="UTF-8"?>
<configuration debug="true" scan="true" scanPeriod="30 seconds">
	<contextName>springboot-security-ldap</contextName>
	<property resource="application.yml" />
	<!-- <property resource="LOG_DIR" value="${user.dir}/applogs" /> -->
	<property name="APP_CODE" value="RRRR" />
	<!-- FOR LOCAL ENVIRONMENT -->
	<springProfile name="local">
		<property resource="LOG_DIR" value="applogs" />
		<!-- configuration to be enabled when the "local" profile is active -->
		
	</springProfile>
	<!-- FOR DEV, QAT and UAT ENVIRONMENTS -->
	<springProfile name="dev | qat | uat">
	
	</springProfile>
	<springProfile name="prod">
	
	</springProfile>

</configuration>